1766944909.7349133,2.248503842170667,0.039009400549739295,9.415620547832336,-2.2481760937499997,-0.02437171875,9.4154540625,0.03838983911455226,0.030459032427523017,0.055991943302104635,9.68045461547907,0.05584998931778059,0
1766944911.0171318,2.2527717726655645,0.03703193790500303,9.41523917284102,-2.25246796875,-0.024218437500000002,9.415147499999998,0.03699607376464453,0.02801484802847579,0.041547984833804015,9.681068159348108,0.040178031175568396,0
1766944912.2991672,2.2556294615043164,0.03678750000000001,9.424326963685857,-2.25522703125,-0.016094531250000002,9.42419109375,0.04260639770693503,0.033079997280725006,0.05060579946437682,9.69057048404369,0.04946050378107896,0
1766944913.581539,2.2986532974684333,0.0777098145345876,9.419065637906316,-2.2930875,0.008890312500000002,9.418826250000002,0.1598646280646535,0.07719959597467038,0.0671532836013066,9.695805448152568,0.06074975036950757,0
1766944914.863666,2.328884754035985,0.03253608919338648,9.413728852811197,-2.3284954687499995,0.010116562500000002,9.4136146875,0.04257992005591105,0.030923328785620638,0.04636194057928707,9.697579786159599,0.045532816817018845,0
1766944916.145489,2.3309525600264265,0.028705776531039884,9.41142489248739,-2.33064140625,0.00444515625,9.41131546875,0.038085070129546324,0.028359516782961693,0.045383417656868666,9.695828090763124,0.0447865363597916,0
1766944917.4277997,2.335132906627051,0.03150293289917624,9.41082732350051,-2.3347799999999994,0.009350156250000002,9.41070234375,0.040596098488647946,0.030083373470250738,0.04850061939817712,9.696262632537215,0.04669841933833443,0
1766944918.71005,2.326763410366157,0.034071218884125655,9.413914461457107,-2.326349531249999,0.00843046875,9.413767968750001,0.04388423716615424,0.03301174265174854,0.052517789059984485,9.697256019277116,0.05086544406795472,0
1766944919.9923916,2.3285761037246564,0.09549015904793541,9.417051045524085,-2.3265028125000002,0.0049050000000000005,9.415913906250001,0.09824120452788561,0.09536409937707169,0.14634105402830822,9.701146088752544,0.15767150558826953,0
1766944921.2742763,2.334264712045316,0.10863218566566726,9.397546066443358,-2.331714375,-0.000919687499999999,9.3958340625,0.1090862929902716,0.10862829252732617,0.17937207388483334,9.683721638326224,0.19263958193802952,0
1766944922.556527,2.3402800540466844,0.093549293657141,9.40672959841085,-2.33830546875,-0.0010729687500000019,9.405490781250002,0.09611589973876736,0.09354314021782423,0.15265942958106005,9.69392716804347,0.16443522620512516,0
1766944923.8384423,2.3346138320595444,0.10940459285377375,9.4069872770806,-2.33125453125,0.0006131250000000017,9.40457109375,0.1251960677101832,0.10940287480333585,0.21319515416204637,9.692976877148604,0.22953235180589882,0
1766944925.1206932,2.3389085032232453,0.06022373301905156,9.407281073304338,-2.3381521874999995,0.00781734375,9.4068703125,0.05947549528137492,0.05971421234048337,0.08790970342432254,9.693866982614253,0.09197137010250098,0
1766944926.4029138,2.3320683097306567,0.09983211460371859,9.40694859376036,-2.329875,0.00291234375,9.405644062500002,0.10111916546827317,0.09978962551353641,0.15665763693001408,9.692223217508266,0.16864404311561185,0
1766944927.6847079,2.3462376754884087,0.09001042533368012,9.402916343844472,-2.34443671875,-0.0007664062500000015,9.401658750000001,0.09191137937156318,0.09000716243838577,0.15378074614833126,9.691633963160573,0.1637667061465601,0
1766944928.9665627,2.347557545368963,0.07381984260684929,9.400856703186353,-2.3459695312499997,0.003985312500000001,9.39997265625,0.08633300217996173,0.07371218655539492,0.12892174213866855,9.689818499426345,0.13955041730456824,0
1766944930.248418,2.345662082296809,0.04140296524706896,9.401965427452192,-2.3452031249999994,0.011802656250000002,9.401812031250001,0.04639942688476207,0.03968504550450127,0.053706871524964256,9.690242448404607,0.05251805043487411,0
1766944931.5302732,2.3467131704684325,0.029532010704488108,9.404371158962132,-2.3464293749999996,0.009350156250000002,9.40426453125,0.03649510360458483,0.028012751281346608,0.04478305250837386,9.692787614490737,0.04347314190068541,0
1766944932.8120983,2.35161118424422,0.029327634472456184,9.405140210773045,-2.351334375,0.005058281250000001,9.405030937500001,0.03608072623797063,0.0288881279169471,0.045337059541517406,9.694720091694565,0.043812063255073044,0
1766944934.093954,2.3520855929220033,0.030924848322182605,9.414024674842185,-2.3517942187499994,0.01118953125,9.413921250000001,0.03702146789806093,0.02882950978000274,0.0441279654633828,9.703459360517389,0.04287055926571213,0
1766944935.3757796,2.34675161598698,0.03511445615768526,9.413431104619878,-2.3464293749999996,0.012722343750000002,9.413308125,0.03888875511776356,0.032728687733498206,0.048117618748067574,9.701606121338557,0.046003537279090186,0
1766944936.657544,2.3542352168897125,0.03131142393360609,9.406512835949425,-2.3539401562499993,0.011802656250000002,9.40641046875,0.037271936325814804,0.02900176846667003,0.04388423716615425,9.696694673681016,0.04273617217952099,0
1766944937.9393392,2.356104636809187,0.03326732856722944,9.407902522789021,-2.35577953125,0.011649375000000002,9.40779,0.039138979768004706,0.031160988625352937,0.04601297860386782,9.698503268703051,0.04430761393251306,0
1766944939.2215617,2.357211032823006,0.03207059897710051,9.409131874452473,-2.3568524999999996,0.013948593750000002,9.40901625,0.04111139144142422,0.02887836649028925,0.04664587949044909,9.69996056731257,0.04443499155026084,0
1766944940.5033572,2.3564211676064515,0.04855702266408023,9.403307173621151,-2.3551664062499995,0.013182187500000003,9.4031915625,0.07688899801148387,0.046733439662781553,0.046628750828309716,9.69418713998594,0.04372057302725813,0
1766944941.7856104,2.383924616177859,0.0326283903410818,9.39255823186833,-2.3836767187500003,0.017320781250000004,9.392461874999999,0.03437842503640048,0.027651444684494313,0.04254486701100805,9.690423691795552,0.042110960828724585,0
1766944943.0678334,2.3874378947498305,0.029835950211112773,9.394086041540312,-2.3872021875000002,0.011955937500000003,9.393994687500001,0.033547239569223154,0.027335681507803935,0.04142906086646588,9.692760310720317,0.04010425809333821,0
1766944944.34966,2.3866832345943507,0.03353743309721244,9.389024940500013,-2.3864357812500003,0.017014218750000004,9.38893640625,0.03436748846587653,0.028901138023910904,0.040773676858789035,9.687681402432872,0.04040294744829068,0
1766944945.6315784,2.3880474960336326,0.03150293289917624,9.394252830527224,-2.3878153125000003,0.01732078125,9.394147968750001,0.033299800345157504,0.026313975718991012,0.044386767160934495,9.693077402041238,0.044013219416402696,0
1766944946.9133747,2.391113295002456,0.03188250000000001,9.389950584475606,-2.3908809375,0.017627343750000003,9.38985609375,0.033333650214476984,0.026566342589248827,0.04212502296428097,9.689665178025374,0.041239139728318115,0
1766944948.1952932,2.3916075323396506,0.03131142393360609,9.39255310886968,-2.3913407812500003,0.01732078125,9.392461875,0.03571913596924842,0.02608439774347203,0.04139842519932808,9.692307305123483,0.040635864252910596,0
1766944949.477151,2.387313184401819,0.02774687009376013,9.393784469290054,-2.3870489062500004,0.014408437500000001,9.393688125,0.03552125545963599,0.023712564787652005,0.04254486701100811,9.692431108070554,0.04176786888708031,0
1766944950.75907,2.393729202999736,0.03244352545192954,9.391345924406949,-2.39348671875,0.01701421875,9.391235625,0.03407087408782472,0.027624241239844912,0.045516014828402604,9.691664993772356,0.04372330929380586,0
1766944952.040989,2.385147980562475,0.028914548565557793,9.385657260716016,-2.38490296875,0.01302890625,9.385564218750002,0.0341865299304643,0.025812762747887158,0.04179128319341404,9.684024429746719,0.040893361284690566,0
1766944953.3229082,2.3919118210662056,0.029327634472456184,9.38887791805882,-2.39164734375,0.014255156250000001,9.388783125,0.03556884718147811,0.02563007343021253,0.042189950553826926,9.688814727824685,0.04113295739626734,0
1766944954.6048274,2.3880600894606907,0.03178803312569056,9.391935126659204,-2.3878153125,0.017167500000000002,9.39184875,0.03419099684898574,0.02675361646114409,0.040280026048123224,9.690835201018539,0.03982510737000022,0
1766944955.887052,2.384825174217442,0.03013682454655766,9.391804160440568,-2.38459640625,0.016094531250000002,9.391695468750001,0.03303166482081958,0.02547929075921804,0.04518418229278652,9.68990633225336,0.04460766256014342,0
1766944957.1688497,2.3909510421548266,0.029018371336103622,9.390258044638271,-2.39072765625,0.016554375000000003,9.39016265625,0.03268271137209769,0.023833139603488564,0.0423253359312637,9.689914091298746,0.04156596791150314,0
1766944958.4507084,2.3910013542930613,0.03092484832218261,9.388710392950342,-2.39072765625,0.015481406250000001,9.388629843750001,0.036176648167455264,0.02677073596807643,0.038890869630294624,9.688432621697318,0.039540263880061516,0
1766944959.732964,2.389166792339696,0.030533378764067372,9.38962966219282,-2.38888828125,0.016094531250000002,9.389549531250001,0.03647932736730362,0.025947124746159712,0.038791665782165946,9.688869667921473,0.03806555044665221,0
1766944961.014854,2.3896211600638715,0.03326732856722944,9.393161445424672,-2.3893481249999997,0.017780625,9.393075,0.03612237788386008,0.02811697929382485,0.04029868716844248,9.692413422032075,0.04061362654304704,0
1766944962.2970486,2.3909585890430542,0.035028706442002684,9.395168356487487,-2.39072765625,0.022072500000000002,9.39506765625,0.03323022961298708,0.027199540781969095,0.043499209520195,9.694694344410118,0.04278810611837939,0
1766944963.5790913,2.3952639790702097,0.029327634472456184,9.389038393418879,-2.39501953125,0.01241578125,9.38893640625,0.03421950265974478,0.026569879933905395,0.04376199820717678,9.689798325696401,0.04397946131991612,0
1766944964.8609204,2.39367140988613,0.031693284679092514,9.390248436660569,-2.39348671875,0.017627343750000003,9.39016265625,0.02973458716055101,0.02633896440768574,0.04013715702680405,9.69058475970394,0.03937427864477885,0
1766944966.1427798,2.391288113267879,0.03424729870734333,9.394617771149274,-2.39103421875,0.01486828125,9.39445453125,0.0348454505327045,0.030851445370045447,0.05538164199527466,9.694239257627117,0.05504961283417248,0
1766944967.425006,2.3872728725930665,0.032164235961701315,9.394102048289396,-2.38704890625,0.019006875,9.3939946875,0.03269996008298357,0.025947577492597938,0.044912190959441434,9.692742625282525,0.04373865912106029,0
1766944968.7072625,2.387727600716841,0.030533378764067372,9.3902618878266,-2.3875087500000003,0.013948593750000002,9.39016265625,0.03232744806565325,0.027161074189867032,0.0431695626187517,9.689127602855303,0.042830650707345125,0
1766944969.9896412,2.3918917039983754,0.028283609763430133,9.389338196323731,-2.3916473437500003,0.016094531250000002,9.389242968749999,0.034189278872467366,0.02325787275510754,0.04228757172546688,9.689252687962126,0.04141093388360509,0
1766944971.271898,2.3918841600543184,0.030924848322182605,9.393799836263014,-2.3916473437500003,0.01732078125,9.393688125,0.03365736549879303,0.025619070643558648,0.045812378338003425,9.693582492821605,0.04427934959929275,0
1766944972.5536978,2.3924901144270696,0.031693284679092514,9.389652082269542,-2.39226046875,0.018547031250000002,9.389549531250001,0.03314811136822551,0.02569964835482236,0.04388423716615412,9.689715147412423,0.04315758629444387,0
1766944973.8360462,2.3886544236923437,0.03494274629662071,9.39377486491919,-2.3884284375,0.01916015625,9.393688125,0.032856578737120536,0.0292212924290762,0.04036858954043811,9.692775513965609,0.03949327383992005,0
1766944975.1183646,2.3931311024093005,0.03450973395290089,9.388734737128788,-2.39287359375,0.01962,9.38862984375,0.035106091390383634,0.028389740004093028,0.04438041477499475,9.688994135575943,0.04397647626931119,0
1766944976.4005919,2.392520282417947,0.030924848322182605,9.386888884963765,-2.39226046875,0.015174843750000003,9.38679046875,0.03525835273066911,0.026945692808185245,0.042984118467234586,9.687042509800465,0.04180056364817779,0
1766944977.6824222,2.39003769278724,0.03468358761720016,9.394401049349156,-2.3898079687500005,0.021459375000000003,9.394301249999998,0.0331367687433315,0.027247871010583107,0.04330242788733084,9.693722411963645,0.04279748222441748,0
1766944978.9646497,2.3897407161591304,0.032257601139111386,9.394261794150927,-2.38950140625,0.017627343750000003,9.394147968750001,0.03381892958126364,0.02701535829059715,0.04624498106820906,9.693505862191644,0.04609876233128957,0
1766944980.2465415,2.3908139362045726,0.03140732438460813,9.393158243756464,-2.390574375,0.019006875000000003,9.393075,0.033844277852531926,0.025003174353157145,0.03954537425540427,9.692698256410596,0.03936428453986175,0
1766944981.528342,2.390654178986633,0.03023645068456283,9.38994994392309,-2.39042109375,0.0162478125,9.389856093750002,0.03338260117641701,0.025500030175763397,0.0419819967038396,9.68954599534145,0.04162101304679772,0
1766944982.8102038,2.388494522032917,0.0318825,9.392094268970647,-2.38827515625,0.017627343750000003,9.39200203125,0.03237066295719157,0.026566342589248827,0.04162453876169698,9.691096807524872,0.04134466502823415,0
1766944984.0920045,2.3932731020038234,0.035028706442002684,9.390414653288747,-2.3930268750000003,0.0205396875,9.3903159375,0.034329525233163107,0.028374839425137615,0.04305757347431553,9.690658930730667,0.042491854192317206,0
1766944985.3738666,2.3922160710873825,0.029430000000000005,9.387657446823463,-2.3919539062500004,0.0156346875,9.387556875,0.03541526710496786,0.02493354059850594,0.04345408542627909,9.687707478788198,0.04245840066788597,0
1766944986.6560948,2.39080638885973,0.026414233378994748,9.390255482511845,-2.390574375,0.0119559375,9.39016265625,0.03330685523821459,0.02355349832819095,0.04175303595781178,9.689868468022736,0.040733120475858677,0
1766944987.9379263,2.39296898637707,0.03290374028890941,9.391168195818679,-2.3927203125000003,0.018700312500000003,9.39108234375,0.03449747689907699,0.027073131281814152,0.040155884540834415,9.691306584152818,0.039455661690711755,0
1766944989.2197583,2.389598506655983,0.03335760642267368,9.387025686530054,-2.389348125,0.019160156250000004,9.38694375,0.03459133665362447,0.027306012501381195,0.03922083516369179,9.686461943996568,0.03818070117664246,0
1766944990.5020785,2.3940181476403333,0.03235069686266434,9.394701961578532,-2.3937932812500002,0.01839375,9.3946078125,0.03281185568675452,0.026612732825425877,0.04205943653289754,9.694988107558785,0.04175309142250275,0
1766944991.7839715,2.3943547869741972,0.03207059897710051,9.394093084513269,-2.3940998437500003,0.017627343750000003,9.393994687500001,0.03493972041209824,0.02679179111349848,0.04299641522007778,9.694480298072973,0.04284790912931235,0
1766944993.0658345,2.3903874738588415,0.03308603387382659,9.394072595850004,-2.39011453125,0.017167500000000002,9.3939946875,0.036122052666519126,0.02828360976343013,0.038258950871362565,9.693484765393649,0.03725698591693844,0
1766944994.347667,2.3936839737251767,0.03424729870734334,9.39485401462451,-2.39348671875,0.020692968750000002,9.39476109375,0.03072935463214945,0.02728879830739206,0.041784536225183876,9.695059453125792,0.040338544953834155,0
1766944995.630018,2.394668773540247,0.03159825212729338,9.387818583744243,-2.39440640625,0.018700312500000003,9.38771015625,0.03544709688690978,0.025470529046377186,0.0451196579591488,9.688476389288464,0.044645344813347164,0
1766944996.9118202,2.394451499224301,0.029734982238938706,9.392231635115401,-2.394253125,0.01517484375,9.3921553125,0.03082134917933317,0.025571337194466113,0.03786388174140804,9.69269298177595,0.03692173864172718,0
1766944998.1940496,2.3925328523018763,0.03235069686266434,9.396700222426821,-2.39226046875,0.020539687500000004,9.39660046875,0.036101232662892294,0.02499377572321445,0.04329781569005837,9.696557898918952,0.041985209661528855,0
1766944999.4762485,2.394020660049481,0.03485657416471103,9.3927071177959,-2.39379328125,0.019313437500000002,9.392615156249999,0.032994656932727844,0.02901675196216134,0.04156353301318451,9.69306437109545,0.042326733176046925,0
1766945000.7585087,2.3925278243562293,0.031976687797519,9.390571899837559,-2.39226046875,0.01839375,9.39046921875,0.0357664643874717,0.026156806445694018,0.04391420872012423,9.690616724693017,0.04285113994748171,0
1766945002.0409825,2.3917647111024536,0.03290374028890941,9.397919519312174,-2.3914940625,0.0193134375,9.39782671875,0.03598030436566791,0.026639205260923116,0.04176428878070823,9.697551875647212,0.04030010381858777,0
1766945003.3228464,2.399988982521587,0.031976687797519,9.393020891162692,-2.3997712500000006,0.018700312500000003,9.39292171875,0.03232744806565322,0.02593852106235712,0.043163031094860436,9.694834247505538,0.04152498863699742,0
1766945004.6046495,2.393417606215796,0.032257601139111386,9.386438098480836,-2.39318015625,0.019160156250000004,9.386330625,0.03371316471314423,0.025950746496499595,0.04491742200537956,9.686831709449047,0.043820389092525475,0
1766945005.8870015,2.3909661359074605,0.03485657416471103,9.392254689376376,-2.39072765625,0.022072500000000002,9.3921553125,0.03376887172577496,0.026977499999999998,0.04320574024973221,9.691871965411597,0.04387274367743085,0
1766945007.1688962,2.3945092735099194,0.033447640611857815,9.390249077192722,-2.394253125,0.0211528125,9.39016265625,0.03502334011390665,0.025909519212826852,0.04028673338326555,9.690798271417389,0.03925998719773171,0
1766945008.450883,2.396486574554248,0.032257601139111386,9.394079638833041,-2.39624578125,0.015481406250000003,9.3939946875,0.03397142711643352,0.028299803740882392,0.03995086931816795,9.694994621741031,0.038820657768498475,0
1766945009.7326863,2.3966032784651703,0.03207059897710051,9.388261615932288,-2.3963990625000005,0.018240468750000002,9.388170000000002,0.03128590096387029,0.026378184519224853,0.041475538423268066,9.689385530922808,0.040551842353204186,0
1766945011.014978,2.394919933154082,0.03537045801230174,9.38627309304091,-2.3947129687500004,0.022072500000000002,9.38617734375,0.03148465529923315,0.027638271359656345,0.04239633024147633,9.687053996580307,0.041824141274686,0
1766945012.2971478,2.3944916901792546,0.03362698581496713,9.388577459809873,-2.394253125,0.019006875000000003,9.388476562500001,0.03379981901185836,0.02774009512843053,0.04352647743826256,9.689174781546802,0.04205185477792786,0
1766945013.5794704,2.3958891623035803,0.03159825212729338,9.395019509563964,-2.39563265625,0.0187003125,9.394914375,0.035057871474454105,0.025470529046377186,0.04444627662537507,9.695755510153335,0.04338313561061198,0
1766945014.8622198,2.3992056797133405,0.03335760642267368,9.396400654415832,-2.3990048437500002,0.020386406250000003,9.39629390625,0.031042764580302626,0.02640311243887661,0.044789347789024644,9.697919667731904,0.04421745752368745,0
1766945016.1443899,2.39939244231743,0.0318825,9.386564654085715,-2.399158125,0.020386406250000003,9.38648390625,0.03353182811127931,0.02451302197730751,0.03893434269370931,9.688431069651449,0.038605657888128475,0
1766945017.4266212,2.396815338768561,0.03326732856722944,9.391954339153806,-2.3965523437500003,0.019006875000000003,9.39184875,0.035505377376277,0.02730300080090786,0.04453499605296365,9.693020003696281,0.04370185858194954,0
1766945018.7087917,2.3987807092771116,0.03326732856722944,9.393186418399244,-2.3985450000000004,0.0205396875,9.393075000000001,0.03362698581496722,0.026169378811931016,0.045750794255400504,9.694699928164358,0.04571241130477803,0
1766945019.9911757,2.3938611168361468,0.034159372249794054,9.39209042653212,-2.3936400000000004,0.020846250000000004,9.392002031250001,0.03253608919338659,0.027060978796737935,0.040748314715138956,9.692424902446692,0.04071604897094649,0
1766945021.2734075,2.3964715155711227,0.031693284679092514,9.391346564864248,-2.39624578125,0.019773281250000004,9.391235625,0.03289195624050286,0.024768561572251196,0.045647969487802614,9.692340815851711,0.04418764828803729,0
1766945022.5556698,2.3964815549037204,0.0326283903410818,9.39164373233927,-2.39624578125,0.01946671875,9.3915421875,0.03361545530447498,0.02618508578100134,0.043673053422159935,9.692634340056243,0.04292993575875528,0
1766945023.8379629,2.397571827114884,0.030729736921262445,9.385365030617152,-2.39731875,0.01640109375,9.385257656250001,0.03483499782456583,0.025986936238304642,0.044894139172132724,9.686814323648282,0.0446275572380482,0
1766945025.1202862,2.3977085466349433,0.03485657416471103,9.386282705087849,-2.3974720312500004,0.020233125000000005,9.386177343750001,0.03367690574041846,0.028383118490299394,0.04447349216605685,9.687751249655413,0.04383513415592324,0
1766945026.4021525,2.3984722765048803,0.03244352545192955,9.386430408971373,-2.3982384375,0.02007984375,9.386330625000001,0.033491163910180845,0.025482979000218675,0.04328071914385619,9.68807502375827,0.04233858727129856,0
1766945027.6839273,2.395848994791565,0.03335760642267368,9.389629021618413,-2.39563265625,0.021612656250000004,9.389549531250001,0.032195995905070905,0.02540911246126744,0.03863630186308292,9.690528277620821,0.03728933491315261,0
1766945028.965763,2.400751986936854,0.03308603387382659,9.389948022265287,-2.40053765625,0.020846250000000004,9.38985609375,0.03207902284993795,0.025692790787251975,0.041549964016123965,9.692049765104517,0.04113853387150595,0
1766945030.2480567,2.3987807092771116,0.0328122137130368,9.375084724885157,-2.398545,0.018240468750000002,9.3749878125,0.03362698581496722,0.027275019129787494,0.04262762310362642,9.677160695748716,0.041788246708973346,0
1766945031.53032,2.40211827390951,0.03299501297544828,9.393482887357996,-2.4019171875000005,0.01885359375,9.3933815625,0.031080962695673512,0.02707790398018209,0.043629993955518594,9.695812582131461,0.042878158272253115,0
1766945032.8125525,2.3966660201543526,0.034159372249794054,9.39239781664705,-2.3963990625000005,0.021459375000000003,9.39230859375,0.035770734010096866,0.026577395228076346,0.040939295623489316,9.693415890233497,0.0397702907415173,0
1766945034.094877,2.3952263122184827,0.03159825212729337,9.388104971365694,-2.39501953125,0.0199265625,9.388016718749999,0.031472713177930496,0.024523083909524797,0.04070677894077822,9.688891705951848,0.040556008020140165,0
1766945035.3766522,2.4013531988820915,0.03562462026113402,9.391788149775115,-2.40115078125,0.022225781250000003,9.391695468750001,0.031178702406685462,0.02784112455661855,0.04172376441511195,9.693990455411345,0.04084663873600213,0
1766945036.6585195,2.39665598159446,0.030533378764067372,9.392258531747704,-2.3963990625,0.01885359375,9.3921553125,0.035091699326494585,0.0240172692340316,0.0440330905743321,9.693266348786604,0.04238253791574469,0
1766945037.9403868,2.395142187444203,0.033805379564501276,9.390877418190552,-2.3948662500000006,0.0205396875,9.39077578125,0.03635577926461635,0.026850045156430257,0.043691071967876215,9.691564764538478,0.04322467984730038,0
1766945039.2227116,2.398297981912121,0.034335000000000004,9.392723126894898,-2.39808515625,0.022685625,9.392615156249999,0.03194985785826114,0.02577313801925127,0.045036264154990444,9.694135332291118,0.04380828142978548,0
1766945040.5045485,2.400931113740043,0.03308603387382659,9.385820354479545,-2.4006909375000003,0.020846250000000004,9.385717499999998,0.03395932170069214,0.02569279078725198,0.04394014970673164,9.688095201076681,0.044518395426687916,0
1766945041.786416,2.398464753258843,0.0328122137130368,9.39378126783419,-2.3982384375,0.01946671875,9.393688125,0.03294798207111629,0.026413788631288748,0.04183202297862685,9.69519655921974,0.041078622488460365,0
1766945043.0686498,2.3935847175993175,0.03519999698153396,9.393174252086592,-2.3933334375,0.0217659375,9.393075,0.03468223276309646,0.027663762438361376,0.043180718353218586,9.69341061598935,0.042933104424997336,0
1766945044.350914,2.3937317157121543,0.03477018847015357,9.397163957916373,-2.39348671875,0.020692968750000002,9.397060312499999,0.03424695568380357,0.027942209120996923,0.04413541888214424,9.697311531799677,0.043513391875755036,0
1766945045.6327515,2.400334807677879,0.03695063827256574,9.386122823427282,-2.4000778125,0.02467828125,9.386024062499999,0.03512382233207043,0.027501492746683745,0.043057573474315505,9.688254445207418,0.04265867300847318,0
1766945046.9146802,2.402108258134925,0.03450973395290089,9.385210260333144,-2.4019171875000005,0.021152812500000003,9.385104375000001,0.03029699972092696,0.02726683444846218,0.044581397671667466,9.687800918485062,0.04360145909744977,0
1766945048.1967316,2.4047322153737314,0.034335000000000004,9.394545424398206,-2.4045229687500003,0.021459375000000003,9.39445453125,0.03172255364778391,0.026802750784376134,0.04132543233400912,9.697494503786146,0.04073035264059009,0
1766945049.47863,2.3927151081982165,0.03775575759073046,9.389642473671788,-2.39241375,0.024984843750000003,9.389549531250001,0.03797417294606307,0.028306444743875666,0.04177778816734149,9.689783117779909,0.04088322335788801,0
1766945050.760407,2.39512963125433,0.03545538120299936,9.387038501562941,-2.39486625,0.02621109375,9.38694375,0.0355189403478976,0.02387598418241039,0.042176583087508226,9.687847793209478,0.04158840603589566,0
1766945052.0422451,2.3992282424107243,0.033805379564501276,9.389034549729741,-2.3990048437500002,0.0199265625,9.38893640625,0.032740171735775786,0.027308163512649364,0.04292942361696636,9.690789892412667,0.04197889189722992,0
1766945053.3240526,2.402736667102224,0.03511445615768526,9.395769482005253,-2.4025303125,0.023145468750000002,9.39568078125,0.03148950549234378,0.026406671649277833,0.04082665588362138,9.698188525464435,0.03962815556446024,0
1766945054.6059213,2.396357315202598,0.03654142700415517,9.396240944917148,-2.3960925,0.023605312500000003,9.396140625000001,0.03562462026113411,0.027893818477887605,0.04341946754751108,9.697072112393,0.04301275922592924,0
1766945055.8881867,2.3959782815663213,0.0328122137130368,9.393162085758183,-2.3957859375,0.021306093750000005,9.393075,0.030358975851403475,0.024953792053838453,0.04044766618730911,9.693981768934336,0.039715094123853004,0
1766945057.1700249,2.398487322926161,0.033894224342061595,9.389178366692956,-2.3982384375,0.021306093749999998,9.3890896875,0.03455191941207608,0.026360364429692758,0.04080737257104812,9.6907461352703,0.04037752112306765,0
1766945058.4519548,2.3975442314037716,0.032164235961701315,9.392707758160386,-2.3973187500000006,0.020233125,9.392615156249999,0.032880882529784786,0.025003174353157145,0.04170799430610485,9.693926547577034,0.040612103243600935,0
1766945059.7339458,2.3975266703313234,0.036293685659491794,9.385981522939211,-2.39731875,0.025597968750000005,9.38587078125,0.0315744492974542,0.025728886773897227,0.045594151310937185,9.687419703694324,0.04499676311679596,0
1766945061.0158455,2.3975743358001442,0.035028706442002684,9.389813825522582,-2.39731875,0.0211528125,9.3897028125,0.035007236193928634,0.02792075927226629,0.045659291547173915,9.691139942439047,0.04411450822902918,0
1766945062.2976234,2.4018177825034943,0.03188250000000001,9.391462166691285,-2.401610625,0.020386406250000003,9.39138890625,0.03154467050246967,0.02451302197730751,0.03709501257822538,9.693776703769796,0.03713181299594719,0
1766945063.5798283,2.4010676419785124,0.034509733952900884,9.390267012075256,-2.40084421875,0.0229921875,9.390162656250002,0.032754521076519404,0.02573482176866286,0.0442701619230642,9.692441967902749,0.04316202014533321,0
1766945064.862186,2.3983406162920757,0.03587698200099892,9.389666815433669,-2.3980851562500005,0.025751250000000003,9.389549531250001,0.03500421588413448,0.024980611700626952,0.04693085402115815,9.691190214542795,0.04534816721421002,0
1766945066.1443908,2.40126678392885,0.03485657416471103,9.3911726791037,-2.4009975,0.021459375000000003,9.39108234375,0.03596070902735381,0.027467726282118354,0.041191038476309665,9.693369973188183,0.040247754183814745,0
1766945067.4262302,2.401236725824841,0.03637645357920423,9.396703422888198,-2.4009975000000003,0.021765937500000002,9.39660046875,0.03389422434206167,0.029146017562371947,0.043986911758274946,9.698726528650232,0.04292435595410672,0
1766945068.7084355,2.398629005430759,0.0337163006756376,9.392100673031367,-2.39839171875,0.020692968750000002,9.392002031250001,0.03373824425145602,0.0266193534023936,0.04304529419255973,9.693611965979517,0.04151338385060714,0
1766945069.990336,2.3986290054307595,0.034335000000000004,9.391941530828438,-2.39839171875,0.022379062500000005,9.391848750000001,0.033738244251456016,0.026039773167619833,0.04174656421117179,9.693459945572517,0.0411069889849584,0
1766945071.2721753,2.3992081866901946,0.03485657416471103,9.388424664453497,-2.3990048437500002,0.023605312500000003,9.38832328125,0.03123592075300633,0.025647026811647072,0.04363080171144442,9.690197757732424,0.042166201100774334,0
1766945072.5544727,2.3980220940743546,0.038073038442577714,9.392402299345134,-2.39777859375,0.024984843750000003,9.39230859375,0.03417278190347499,0.028728275949629945,0.041955124998591685,9.693770188769113,0.0407383433503789,0
1766945073.8362515,2.395707147876698,0.03494274629662071,9.39408540126978,-2.3954793750000003,0.023452031250000005,9.393994687500001,0.03303486547739194,0.025903624244476363,0.04128362353012794,9.694816876055798,0.04075748157134258,0
1766945075.1185791,2.3960309984430506,0.03299501297544828,9.388409929340073,-2.3957859375000004,0.02130609375,9.38832328125,0.03426787383608882,0.025193674808693767,0.04033569226483393,9.689390807357938,0.039751560964766765,0
1766945076.4008157,2.4007169115925047,0.033894224342061595,9.389804857652795,-2.40053765625,0.02222578125,9.3897028125,0.029336845979192117,0.025589706750511008,0.043776223336302454,9.69190516734713,0.042903906086277914,0
1766945077.6827166,2.4015448035561406,0.03468358761720016,9.390441555125351,-2.4013040625000004,0.024525000000000005,9.3903159375,0.03400357199613152,0.024525000000000005,0.04857153650540694,9.692729904158194,0.048069214580492986,0
1766945078.9649532,2.4051961463101095,0.035708939006920945,9.395471804846672,-2.4049828125,0.0242184375,9.39537421875,0.03203394768975325,0.02624110535131083,0.04282201906236019,9.698511951130378,0.042087416732749655,0
1766945080.2472205,2.39633472547399,0.03362698581496713,9.392561433741065,-2.3960925,0.019006875000000003,9.392461875,0.034071218884125745,0.027740095128430526,0.04324596248766313,9.693490660091829,0.04264374415828165,0
1766945081.5290606,2.397706038090106,0.0337163006756376,9.39195754123242,-2.3974720312500004,0.020079843750000003,9.391848750000001,0.03349782780642694,0.02708484458559041,0.045205236819836354,9.693244941212283,0.04365988543533565,0
1766945082.8109012,2.402165848268496,0.031976687797519,9.39041401276789,-2.4019171875,0.019006875,9.3903159375,0.03456279762388817,0.025714728566220084,0.04291765511996294,9.692847806622032,0.0413065712421535,0
1766945084.0927112,2.401698827602298,0.03450973395290089,9.392873290915167,-2.40145734375,0.021459375000000003,9.3927684375,0.034057079373374655,0.027026227300705054,0.04438173826371135,9.695123353492274,0.04293402783094534,0
1766945085.3745823,2.400339819270389,0.03579305912114806,9.389817668892725,-2.4000778125,0.025291406250000002,9.389702812500001,0.03546465733959445,0.025327610450799756,0.046442954035998116,9.691831005857782,0.0461052657899507,0
1766945086.6563923,2.401365722530359,0.03579305912114806,9.388267381940079,-2.40115078125,0.02161265625,9.38817,0.03212878843443453,0.02853131912599444,0.04276079863613383,9.690583208002758,0.04141495002026553,0
1766945087.9382331,2.4027642031782896,0.03317680505639445,9.397310210670327,-2.4025303125000006,0.02069296875,9.39721359375,0.03352482056107607,0.025932632686665725,0.04261301454907818,9.699681217031697,0.042166979937694096,0
1766945089.2200434,2.400160648338201,0.030434724616792582,9.388725768228284,-2.39992453125,0.0180871875,9.38862984375,0.03366574127681995,0.02447705274006337,0.04244064137828936,9.690710446674565,0.04124076362199655,0
1766945090.5019455,2.398452214463007,0.034071218884125655,9.391192533625922,-2.3982384375,0.022838906250000002,9.39108234375,0.032022210418061386,0.025283044072138765,0.045493038349365335,9.692689568775533,0.04479850388587543,0
1766945091.783817,2.4007870617687552,0.03562462026113402,9.392726328711422,-2.40053765625,0.02375859375,9.39261515625,0.034604578916768255,0.026545108622351897,0.04569915372890483,9.694759177802911,0.045402940191609883,0
1766945093.0656276,2.398308013599119,0.03654142700415517,9.392259812537796,-2.39808515625,0.025138125000000004,9.392155312499998,0.03269421152380176,0.026520757134448014,0.04430544086821993,9.693696972269855,0.04405257691585652,0
1766945094.3488414,2.3972782928171905,0.03442247784878364,9.385803692771201,-2.3970121875000006,0.02191921875,9.385717500000002,0.03571814929366933,0.02654156797628295,0.040223990742465944,9.687179108462447,0.03953167289841323,0
1766945095.630683,2.4026027371412764,0.03424729870734333,9.38397777480984,-2.4023770312500003,0.022225781250000003,9.383878124999999,0.03293193345654835,0.026055558266464923,0.043245962487663006,9.686728636031491,0.04225096219465596,0
1766945096.9125242,2.40294067690117,0.03362698581496713,9.387192600963361,-2.4026835937500004,0.019313437500000002,9.38709703125,0.03514889800313755,0.027527537247883146,0.04235862932964794,9.689924643590501,0.04152697557884609,0
1766945098.194366,2.39846224550492,0.03612758096316442,9.392402299345134,-2.3982384375,0.025291406250000002,9.392308593750002,0.03276492041892671,0.025798195211050347,0.04195512499859164,9.69387163614015,0.04157630916323957,0
1766945099.4761465,2.4010751570689646,0.036293685659491794,9.392245723837165,-2.40084421875,0.02345203125,9.3921553125,0.03330085867439688,0.027698986425481773,0.04121071238801066,9.694367378970638,0.04141725501881036,0
1766945100.7580798,2.397758716980558,0.033805379564501276,9.383972647126857,-2.3974720312500004,0.021152812500000003,9.383878125,0.037077273770451766,0.026369721478237948,0.042118608375447966,9.685521788245008,0.040419701691383265,0
1766945102.0399215,2.4015422990184874,0.033447640611857815,9.384578335297624,-2.4013040625000004,0.020846250000000004,9.38449125,0.0338262234959225,0.026156806445694018,0.04042907383229904,9.687044682976074,0.039810891023586537,0
1766945103.3217025,2.4040055021307674,0.038932230542315455,9.394560790126448,-2.4037565625000004,0.0269775,9.39445453125,0.03459541173600336,0.028070145506391666,0.04468220739391426,9.697346575854205,0.0435397759845402,0
1766945104.6035748,2.3975567749481974,0.03528533043277334,9.392091707345136,-2.39731875,0.019773281250000004,9.39200203125,0.03378313186247697,0.029224508419448198,0.04104246797067663,9.693343601813824,0.04154910429905545,0
1766945105.885417,2.399420016772283,0.03654142700415517,9.391806722144509,-2.399158125,0.024218437500000002,9.391695468750001,0.0354500794637245,0.027363171829278016,0.04571354700160298,9.693533163862067,0.04468836415776466,0
1766945107.167259,2.4016687749055348,0.0337163006756376,9.385187188767867,-2.4014573437499998,0.02099953125,9.385104375000001,0.03186738937290504,0.026378184519224853,0.03942636894718255,9.68766681206058,0.0391963110312274,0
1766945108.4490402,2.396377394782592,0.03335760642267368,9.383819776790993,-2.3960925,0.022838906250000002,9.38372484375,0.03695063827256584,0.02431284161824181,0.042209715502335106,9.685030250413524,0.04173490806751811,0
1766945109.7313097,2.3978552919405924,0.0328122137130368,9.3884118513127,-2.3976253124999998,0.020079843750000003,9.388323281249999,0.033209365347403895,0.025950746496499595,0.04078059106956866,9.68984332857477,0.03969579021702143,0
1766945111.013396,2.399554124375246,0.03751603607125892,9.388269944609071,-2.39931140625,0.025751250000000003,9.388169999999999,0.03412875100113491,0.027282340184403172,0.04331978704933792,9.690143445874202,0.042805373125479815,0
1766945112.2952385,2.3996807050496325,0.03207059897710051,9.388574897224819,-2.3994646875000005,0.020386406250000003,9.388476562500001,0.032197820237204716,0.02475717590841009,0.04297017789332018,9.690450691805117,0.041672887198299736,0
1766945113.577142,2.4026352815567438,0.03140732438460813,9.390711209753364,-2.4023770312500003,0.0174740625,9.390622500000001,0.03522635240393943,0.026097455139267773,0.04081773488632101,9.693250215546577,0.04010456377815232,0
1766945114.8591678,2.4008045989925444,0.036869159367959564,9.389808701026608,-2.40053765625,0.024218437500000002,9.389702812500001,0.035800607110869534,0.027799320091660407,0.04459299053203125,9.691941472137112,0.044082011495804214,0
1766945116.1410713,2.4009135774403676,0.036293685659491794,9.388124191698589,-2.4006909375000003,0.023145468750000002,9.388016718749999,0.0326960080571176,0.027955659446573133,0.04492134489007855,9.690334311916825,0.043848190486578995,0
1766945117.4229753,2.3960109159601095,0.034159372249794054,9.39516515550319,-2.3957859375,0.022072500000000002,9.39506765625,0.03283368814565461,0.026070432605731726,0.04280226239793673,9.695935409814455,0.041619558307368146,0
1766945118.7048793,2.4022972988357942,0.03398283684450138,9.383198014332255,-2.4020704687500007,0.0229921875,9.383111718750001,0.03301174265174861,0.025023838913421016,0.04024238592791035,9.685896557436617,0.039642549378211246,0
1766945119.9872408,2.4034024510602676,0.03494274629662071,9.385806256112872,-2.4031434375000003,0.02283890625,9.385717500000002,0.035283998684723934,0.026445791348600464,0.04081773488632098,9.688700811490092,0.04023771812590909,0
1766945121.2694192,2.403067079190155,0.03528533043277334,9.393780627542887,-2.402836875,0.02406515625,9.393688125,0.0332616780655213,0.02580548000741482,0.041687991484171585,9.696344203875565,0.041098142523755,0
1766945122.551659,2.4018202867538827,0.03442247784878364,9.38901981557347,-2.4016106250000004,0.02099953125,9.38893640625,0.03173477193252506,0.027275019129787494,0.039575960185255776,9.69141984923133,0.03929863625233907,0
1766945123.8339293,2.3993874287461376,0.03703193790500303,9.393326329862136,-2.3991581250000005,0.025138125000000004,9.39322828125,0.03317113913456066,0.027192629451459362,0.04291847628260923,9.69499927472567,0.042302820506656555,0
1766945125.1158032,2.400108022166659,0.03695063827256574,9.390108479337448,-2.39992453125,0.022838906250000002,9.390009375000002,0.029677640964500162,0.02904710020042812,0.04314152451072349,9.692059694485096,0.04229976355805683,0
1766945126.3976467,2.4070284865135068,0.03299501297544828,9.386562731734857,-2.4068221875000004,0.02099953125,9.38648390625,0.03151337248240573,0.02544976558890619,0.03846809721693027,9.690326863556384,0.03732122323070356,0
1766945127.67949,2.4026302747522874,0.035028706442002684,9.386411185170163,-2.4023770312500003,0.021152812500000003,9.386330625000001,0.03488318905556842,0.027920759272266286,0.03888875511776329,9.68909563295351,0.039597761484163566,0
1766945128.9613338,2.40290062726411,0.03645903360279864,9.388579381748206,-2.40268359375,0.025291406250000002,9.3884765625,0.03229508988739568,0.026260348458226158,0.04393908027808023,9.691268415074727,0.043440689961914136,0
1766945130.243269,2.402476310421708,0.035708939006920945,9.386899137140883,-2.40222375,0.022992187500000004,9.38679046875,0.034834997824565825,0.027321925974660786,0.04516753967624601,9.689532649272552,0.04453414211181758,0
1766945131.525082,2.4052386584157306,0.033447640611857815,9.384890457747764,-2.4049828125,0.0223790625,9.3847978125,0.03508098512142794,0.02485804143775398,0.04170038872978075,9.688264068063226,0.04055669254807867,0
1766945132.8069258,2.4047922438240383,0.03450973395290089,9.39088254210334,-2.4045229687500003,0.0217659375,9.39077578125,0.03598650733172822,0.026779949631134368,0.04477885516292416,9.693961603868411,0.04293978710115903,0
1766945134.0887394,2.402004342009242,0.03719400405307286,9.383812726107458,-2.4017639062500002,0.0248315625,9.383724843750002,0.03398525659740141,0.02769092705758682,0.04061201109632556,9.686431207190036,0.04021639411119396,0
1766945135.3706443,2.4012467452346504,0.039009400549739295,9.388875996181598,-2.4009975000000003,0.02651765625,9.388783125,0.034596769990130664,0.02861026456111226,0.04176006932746119,9.691155768870205,0.04087926412345287,0
1766945136.6524272,2.3992508048959267,0.03695063827256574,9.387036579309122,-2.3990048437500002,0.025291406250000002,9.38694375,0.034353812856626136,0.02693871635114526,0.041746564211171705,9.688871219897084,0.04086812018179177,0
1766945137.9343019,2.3980145694159685,0.030729736921262445,9.379981819103516,-2.39777859375,0.018853593750000005,9.3798928125,0.03364060768658121,0.024266411641607852,0.04086260788716042,9.68170837810017,0.03959318764814785,0
1766945139.216329,2.4037865695463174,0.033176805056394455,9.383046413423655,-2.40360328125,0.020079843750000003,9.382958437500001,0.029683973714504645,0.02641023038001725,0.040631965372826546,9.686116382162023,0.039880484879034,0
1766945140.4982343,2.401512244362914,0.03353743309721244,9.383808239306084,-2.4013040625000004,0.021919218750000004,9.383724843749999,0.03162055100715513,0.025383208389398858,0.039561709490213794,9.68629149320381,0.03803986736202838,0
1766945141.7800481,2.404169375760317,0.03545538120299936,9.386580673660871,-2.40390984375,0.02161265625,9.38648390625,0.03532492697233202,0.028106532088988428,0.042621835407349554,9.689643141754178,0.04135373591483493,0
1766945143.0618317,2.401706340717731,0.035708939006920945,9.390878699169011,-2.40145734375,0.024218437500000002,9.390775781250001,0.03458284535639515,0.02624110535131083,0.04396554099180561,9.693197161817922,0.04371879484076389,0
1766945144.3437066,2.401666270497163,0.033805379564501276,9.381207776966274,-2.40145734375,0.020539687500000004,9.381119062500002,0.03167808379533618,0.026850045156430257,0.04079815941462408,9.683811389796054,0.04067628613288523,0
1766945145.6255515,2.4036827259774745,0.03326732856722944,9.38750207361462,-2.4034500000000003,0.020233125,9.387403593750001,0.03344764061185789,0.026407116516847785,0.0429994205581301,9.690407243476988,0.04286196844356489,0
1766945146.9073958,2.3981788524211454,0.039240000000000004,9.38719196022265,-2.3979318750000003,0.0254446875,9.38709703125,0.03441701699718298,0.029872152216191987,0.04221639451903143,9.688765374590757,0.041311374957402475,0
1766945148.1892102,2.4000015132885864,0.034071218884125655,9.39272376725829,-2.3997712500000006,0.02191921875,9.39261515625,0.033244720798008005,0.02608439774347203,0.045169620338653224,9.694556610787444,0.04448432988951773,0
1766945149.4710855,2.3963472753495063,0.03494274629662071,9.389507631979432,-2.3960925,0.02130609375,9.38939625,0.0349427462966208,0.027695593293269795,0.04573435782797757,9.690539449927119,0.044918481868455234,0
1766945150.7529304,2.400148118402019,0.03450973395290089,9.382143167387184,-2.39992453125,0.021765937500000002,9.382038750000001,0.03276025905297117,0.026779949631134368,0.04426405820118033,9.684343670345257,0.04340930488208503,0
1766945152.0347753,2.398636528161625,0.03290374028890941,9.385198083680761,-2.39839171875,0.022072500000000002,9.385104375000001,0.034268902268250516,0.02440206689503985,0.041939721993110114,9.686923294848642,0.04093908025846523,0
1766945153.3165898,2.4004688641739875,0.03459676999013059,9.389177085482519,-2.4002310937500004,0.022532343750000003,9.3890896875,0.033785565918432035,0.026253189880123824,0.04051151232862496,9.691238003831735,0.03900887713968437,0
1766945154.5984352,2.3956971052988947,0.034159372249794054,9.388266100605321,-2.3954793750000003,0.022685625,9.388169999999999,0.032298363536089274,0.025538698691581277,0.04247854605562654,9.689172919234387,0.04123133407120367,0
1766945155.88028,2.397404993653294,0.03459676999013059,9.390878058679805,-2.3971654687500004,0.02130609375,9.39077578125,0.03388833171377399,0.027257785362464995,0.04382852133259959,9.692127648410397,0.04227157125604902,0
1766945157.1621559,2.400764513721359,0.033176805056394455,9.390111041503983,-2.40053765625,0.020386406250000003,9.390009375,0.03300320089789537,0.026174316303582044,0.04369564265586857,9.6922111162785,0.04222117906203974,0
1766945158.4439402,2.40277421621862,0.03442247784878364,9.388558240404913,-2.4025303125,0.023145468750000002,9.3884765625,0.03423494769460513,0.025479290759218037,0.03916208451019407,9.691209144094522,0.03843188018340091,0
1766945159.7257247,2.4003297960749066,0.03862200862202794,9.389647598258481,-2.4000778125,0.026057812500000003,9.389549531250001,0.034779647356102526,0.028507015938446522,0.042914096566923854,9.691674613241835,0.042222495582226655,0
1766945161.0076005,2.400602913183999,0.03519999698153397,9.389819590577208,-2.400384375,0.024525,9.389702812500001,0.03239134210494188,0.02525003292077062,0.046829867788515375,9.691895858404719,0.045504914635938025,0
1766945162.289446,2.4018127739948847,0.03494274629662071,9.389641833098256,-2.401610625,0.02345203125,9.389549531250001,0.031160988625353006,0.02590362424447636,0.04163356904776793,9.692022459255472,0.041245335621094226,0
1766945163.5713222,2.3996932374264013,0.03299501297544828,9.389501226150141,-2.3994646875,0.02099953125,9.38939625,0.033118683405705444,0.02544976558890619,0.04439973379354306,9.691354372867927,0.0425993705115127,0
1766945164.8531678,2.4015097397913054,0.03424729870734333,9.388106252722446,-2.4013040625000004,0.02099953125,9.388016718749999,0.03142975872475159,0.027053597838924744,0.041001230185610124,9.690457209037534,0.040435666423347,0
1766945218.9442172,2.8707746056900745,2.2866810668890296,10.710947207688381,-1.9390078125,0.21076171875000005,9.382958437500001,2.116977926134084,2.2769474740490385,5.165702376834641,11.32230750440171,3.6371145350498426,1
1766945220.2263706,3.50351535346197,3.246585745065499,11.539710437978666,-1.8180689062500002,-0.32189062500000004,9.65288671875,2.9948698275669146,3.2305890214633632,6.323503379249008,12.489189558350054,5.230084351173163,1
1766945221.5082495,2.4230476593099652,2.354426824065945,11.321839214940411,-1.8979284375000003,0.13442765624999997,9.581304375000002,1.506329182289286,2.3505860705612087,6.031803186657235,11.815182133091781,4.0939385812913125,1
1766945222.790159,2.5565086332939013,3.1785885468759956,11.559893285789613,-1.65375140625,0.21045515625000003,9.387710156250002,1.9495749994376717,3.171613749739876,6.745519312927979,12.258478466811502,4.573013197958699,1
1766945224.071977,2.5864260808570387,2.9914146948475735,11.790612789502028,-1.6140515625000003,0.21857906250000006,9.56888859375,2.0209991156180176,2.983418353162463,6.888753227716167,12.436105166017866,4.511596327632498,1
1766945225.3538256,2.5227702970717534,2.7634789153347996,10.941499953944273,-1.6744443750000002,0.08491781249999994,9.518765625,1.8869568110633481,2.7621739048474514,5.395324106898571,11.563632946848928,3.5396836067268653,1
1766945226.6357353,2.2201546640085126,2.034583416619051,10.356227421431937,-1.7763764062500003,0.16661671875,9.45484734375,1.331755831763873,2.0277496266093196,4.225790826674023,10.785177922302385,2.527967505192476,1
1766945227.9176755,2.195669709625915,2.283322282052788,10.143124323567049,-1.69207171875,0.26287734375000005,9.491481562500002,1.3992350668758882,2.2681393576810254,3.5769748100958245,10.626264497029284,2.288515888625431,1
1766945229.1996157,2.180806246534754,1.699658585959251,9.773889145020522,-1.7112318750000002,0.20386406250000003,9.501598125000001,1.3518880704070826,1.6873881452843018,2.290969683375685,10.15744378339846,1.7339314326410258,1
1766945230.4819527,2.0644529680780455,1.9055514667396816,10.066792257732228,-1.6699992187500001,-0.024678281250000045,9.5607646875,1.213700402397824,1.9053916591683444,3.1515210534899696,10.451478307404054,2.147062547653765,1
1766945231.7638016,2.0937944951540732,1.7326283308639798,10.29960713451671,-1.5947381250000001,0.173514375,9.3955275,1.3567555788014969,1.7239181229341665,4.219712089957235,10.652130465134077,2.385838956737879,1
1766945233.0456505,2.340441964812683,1.9969299589479224,10.754732070687245,-1.55902359375,0.17213484375000004,9.486729843750002,1.7455984718104807,1.989497136592791,5.066183848220656,11.186136945517376,3.2234535090871863,1
1766945234.3275912,2.130453309122263,1.8897097366841158,9.820724132339034,-1.6207959375,0.21689296875000003,9.550188281250001,1.3826973028589795,1.8772214384631245,2.289219577974429,10.22528516349422,1.8187979090680326,1
1766945235.6094096,2.453942871809825,2.0835355167734124,10.468255722974758,-1.64516765625,0.17795953125000002,9.500831718750002,1.8207852704081093,2.0759216398731266,4.395290039757066,10.952047011830997,3.0448901557673875,1
1766945236.8913503,3.1513422584065274,3.1927386882992006,11.746756380160068,-1.41831140625,0.05058281250000002,9.653806406250002,2.8141341091923637,3.1923379693951723,6.692556112986855,12.574212651940181,4.71265987589903,1
1766945238.1732602,2.479254314881039,2.5063278123307215,10.795171787914033,-1.40451609375,0.17841937500000005,9.429555937500002,2.0430458879461058,2.4999691257067775,5.255398058390392,11.356236832300294,3.6558091882962716,1
1766945239.4551706,1.8614426531557455,2.0805542032728326,9.989976303620546,-1.3878084375,0.19236796875,9.658251562500002,1.2405468519130218,2.0716419471895353,2.5529988841294684,10.372719078941827,2.2070642849411954,1
1766945240.73702,1.9706062603723635,2.134478253973908,10.047612945830407,-1.5768042187500002,0.29644593750000003,9.46772296875,1.181938022550655,2.113792142767885,3.3640374100509702,10.459149695808211,2.213125839048141,1
1766945242.0192962,2.3724550019823876,2.1033129579190066,10.70823653286601,-1.51119984375,-0.019313437500000016,9.629281406250001,1.8288842961437517,2.1032242843030162,4.684364337138421,11.167757061253953,3.363136680104612,1
1766945243.301176,1.989056123600149,1.8552007535927886,9.9577809249002,-1.7438807812500001,0.14669015625000004,9.52229109375,0.9566734466985795,1.8493922878044564,2.912623091681394,10.322573082679957,1.8138367122004875,1
1766945244.5830255,2.31517039192583,2.096570515514563,10.600426482560444,-1.643788125,0.0340284375,9.57716578125,1.630329581329795,2.0962943476445073,4.5438900966707845,11.051002826999175,3.0648652930707883,1
1766945245.8648138,2.2330480503744767,2.0798790593655925,10.080739245850229,-1.4140195312500001,-0.0015328124999999526,9.490561875000001,1.7283091044500059,2.079878494545617,3.398608397509411,10.5325070253807,2.512096177021997,1
1766945247.146694,2.1787629588642154,1.9063120166715233,10.32998153032019,-1.46521546875,0.14055890625,9.546202968749999,1.6124985770705251,1.9011230099023193,3.946964314024759,10.727979863542869,2.7201864209552253,1
1766945248.4284825,1.955926794201409,1.8979117748067218,9.776468520664812,-1.6416421875,0.05456812499999997,9.5141671875,1.0633252336398376,1.897127150373423,2.249435365563621,10.149239156940535,1.91236688374097,1
1766945249.7104235,2.1367342034516135,0.9930081340962169,9.55339069510598,-1.884133125,-0.06146578125000002,9.452241562500001,1.007807235277528,0.9911039865304636,1.3865075612794395,9.839663204801207,1.529812983198204,1
1766945250.9922123,2.3174918182865287,1.8532155229441747,10.16091498068395,-1.4117203125,-0.22425046875000004,9.510795000000002,1.8378830450003893,1.8395976467006734,3.5761671818669916,10.585337469679168,2.1196816974406896,1
1766945252.274123,2.323403028120875,2.0399065886012404,10.314602731472503,-1.1727548437500002,-0.24724265625000008,9.56475,2.0057037935702677,2.0248678868383476,3.860904938689892,10.768029068933647,2.584486191840116,1
1766945253.5559728,2.1622080665939047,2.500357127352011,9.967166686156666,-0.90543234375,-0.2473959375,9.555399843750001,1.963500953433721,2.488087822888995,2.8352681664515837,10.501016200214863,1.900680721523234,1
1766945254.8377616,1.7270789880496205,1.8786854360163654,9.997134567155669,-1.0119628125000002,-0.3326203125,9.602917031250001,1.399547461531616,1.8490058667328242,2.779691357821483,10.317701311449236,1.6483491492035653,1
1766945256.1196418,1.7701818132892453,1.8505278579063598,10.018164113059527,-1.0787934375,-0.2970590625,9.521677968750001,1.4034772428888664,1.8265292952137728,3.114684712071934,10.340290576245005,1.823319538593096,1
1766945257.4014614,1.813828942499816,1.6948939876195062,9.885389561716828,-1.2382059375,-0.4281145312500001,9.539918437500003,1.3254514283781758,1.6399340161730114,2.590537201575681,10.192328872677665,1.6331642937003648,1
1766945258.6833115,1.7749561054255683,1.5572467355440178,9.88472663420852,-1.15635375,-0.3706340625000001,9.53853890625,1.3465939183913012,1.5124972023369982,2.5930862243639923,10.162839524689016,1.7550052737588795,1
1766945259.9655883,2.042289095861553,1.9546517314713,10.008555745672988,-1.0297434375,-0.30548953125,9.578698593750001,1.7636817184516838,1.9306319011247084,2.9016756132165296,10.40013443454759,1.6441571451690113,1
1766945261.2474384,1.9617179422256406,1.7309768628490534,10.07216758912028,-0.8792212500000001,-0.27973828125,9.6637696875,1.7536554046899973,1.7082234612959881,2.839034231967123,10.406400824871863,2.021358563295361,1
1766945262.5292275,1.938817201228948,2.115768494969677,9.726828030004501,-0.85331671875,-0.39684515625000005,9.50880234375,1.7409373099807426,2.0782180458910378,2.047891968043177,10.141334822860784,1.72812264552437,1
1766945263.8110776,1.4893400684153706,1.5447090280858724,9.712253004948185,-0.8402878125000002,-0.32771531249999997,9.622383750000001,1.229654517151653,1.5095458440878926,1.3181765435103667,9.946462599988125,1.2523469592425005,1
1766945265.0929277,1.71652750879683,1.8566056742884314,9.661535582238274,-1.05810046875,-0.3657290625,9.571034531250001,1.351624979973099,1.8202271513860218,1.319305805519078,9.986927511758184,1.2532277503249771,1
1766945266.3753576,1.9787070328657803,2.1752347789276105,10.028284195701177,-0.9077315625000001,-0.36097734375,9.58804875,1.7582107189850167,2.145073821749602,2.9386740338753867,10.45052208146171,2.169483635942054,1
1766945267.6571774,4.2856355088262585,3.3690691536480077,11.523218119807344,-0.89884125,-0.4374646875,9.551721093750002,4.1903169476557425,3.3405466033649387,6.445865340190373,12.747621523767926,5.269126854295545,1
1766945268.9394243,4.538728121510888,3.842523591855033,12.03609844715471,-0.4137060937500001,-0.23421375000000005,9.898903125,4.5198340930821646,3.8353789217329544,6.846852032245566,13.425077517264333,5.047769881592338,1
1766945270.2217016,3.433357226495847,3.484605521021175,11.62151613982525,-0.42627515625000006,-0.21719953125000002,9.70132359375,3.406791941973459,3.477829783177439,6.398746589572706,12.609125856699238,4.9961099253036805,1
1766945271.5037658,2.4164954302331094,2.8961937911679874,10.750777053038423,-0.759661875,-0.45555187500000005,9.530108437500001,2.2939843068358132,2.8601417736161237,4.975564331171773,11.393269762648256,3.608186346390204,1
1766945272.7855856,1.6489392458771035,1.5909751419176859,9.732855556665399,-1.08354515625,-0.362356875,9.5135540625,1.2429523446057429,1.5491608687738776,2.0544503855781593,9.998933934460528,1.7576057269458687,1
1766945274.0673752,2.1367482780530094,2.3326885130694692,9.915257621965125,-0.9245925000000002,-0.26257078125,9.4418184375,1.9263493745180937,2.3178637328022575,3.027275723025995,10.407663648134784,2.4838108640424914,1
1766945275.3492258,3.9551769442094815,4.275073319114686,12.826926926577398,-0.43424578125000013,-0.20555015624999995,9.464963906250002,3.9312663686747085,4.270128922769412,8.657049880481283,14.087218707877321,6.751995860802645,1
1766945276.631656,3.0103465974649417,4.740843628922362,11.504019525258336,-0.5216160937500001,-0.53633109375,9.853225312500001,2.9648108350466043,4.710408397556488,5.937711358649415,12.801572176427689,4.526174368383489,1
1766945277.9134457,2.5165685562512503,2.7652913588648307,12.358821079579407,-0.7679390625000001,-0.31698562500000005,10.030571718750002,2.3965364371524007,2.747063234247778,7.219978495263607,12.91202587028005,4.966193629819654,1
1766945279.1953268,2.0158729499726045,2.7868052217155848,11.340262939139134,-0.8392148437500001,-0.31437984375,10.0083459375,1.8328835741696508,2.7690158283449695,5.332408004282844,11.85038356438411,3.376605102807543,1
1766945280.4771163,2.1736401103908625,3.013200426495266,11.431992489758732,-0.8684915625,-0.3496345312500001,9.996696562500002,1.9925947243145832,2.992846889633488,5.545855220180265,12.02058818966989,3.723397692872057,1
1766945281.7589977,1.8846357486312177,2.8209582081792264,10.73996121915048,-0.87814828125,-0.29384015625000004,10.00880578125,1.667545352053857,2.805612798457536,3.894942081992084,11.263055717973199,2.711775691885857,1
1766945283.0408182,1.9978077644852372,3.0454362512495647,10.759218405897917,-0.803806875,-0.29951156250000005,9.9317053125,1.8289697568686683,3.0306723320665685,4.137875093749421,11.358991968043423,2.791565816405313,1
1766945284.323096,1.9666083535652188,3.1483337708500674,10.874820843769106,-0.6796490625,-0.18914906250000002,9.998535937500002,1.8454337073315237,3.142646681513907,4.276798743288723,11.490921735572936,2.466594190758394,1
1766945285.605008,1.6559242950936044,2.6852982364813784,10.422694216686192,-0.57127921875,-0.2627240625,10.01738953125,1.5542603788637348,2.6724151409976513,2.878274085931821,10.88969543304472,2.0547248025380282,1
1766945286.8869505,2.222020491856736,2.8028555881468904,10.417850213246673,-0.5590167187500001,-0.3560723437500001,9.85889671875,2.150552341699507,2.780146027463779,3.3665648003067217,11.014761803138608,2.3679422260407175,1
1766945288.1689847,3.833827040222831,4.054348207189104,10.566272854877685,-0.49494515625,-0.5469075,9.61993125,3.801744213732483,4.017291571641428,4.370703008555768,11.949146044935858,3.275083507297183,1
1766945289.450988,2.902480648278512,3.85434700254466,10.377407951301894,-0.4909598437500001,-0.6508321875,9.644609531250001,2.860655929233054,3.7990009581124045,3.8304180943423667,11.44425535006101,2.6570071704107603,1
1766945290.7329001,2.3908126783154198,3.567989684010627,10.413830208639615,-0.34902140625,-0.30242390625,9.711286875000003,2.365199636557773,3.555149809239372,3.760155162467067,11.264741242584092,2.580647219682776,1
1766945292.0148733,2.222182899083973,3.8057102883881946,10.365358005250894,-0.22455703125000004,-0.4621429687500001,9.664229531250001,2.210807765658841,3.777546118259669,3.747441012789148,11.263310979154566,2.56104666267105,1
1766945293.296694,1.9696598398057852,3.2715292870852086,10.106080286732713,-0.21505359375,-0.33124078125000006,9.717418125000002,1.9578845309054773,3.254717103081793,2.7757240038968183,10.80348659103567,2.0747360690082073,1
1766945294.578637,2.6998616678625873,4.071997206275903,10.523502034193216,-0.17887921875000004,-0.5565642187500001,9.63541265625,2.6939293329063294,4.0337820365416315,4.231183995933771,11.602349302498235,2.8792417681680016,1
1766945295.8608236,2.877761869737054,4.101623499852681,10.509218335275644,-0.23421375,-0.50015671875,9.72799453125,2.8682150020916213,4.071014442523262,3.9761529671862283,11.642529739362919,3.557817338384378,1
1766945297.143163,3.0164443965629886,4.5642896294255095,10.600544502560648,-0.32664234375,-0.7172029687500001,9.816284531250002,2.998706650678882,4.507589125341554,4.001512433107102,11.929091347190123,3.52596788175286,1
1766945298.4254107,2.755001441267772,4.462278426707174,9.95312793335781,-0.15082875,-0.60254859375,9.556472812500001,2.75086961333338,4.421409724242501,2.781830879427403,11.250187436511059,3.236623639651619,1
1766945299.7072926,3.5823503882097087,4.569972995814637,10.326443682522982,-0.10714359374999999,-0.637036875,9.727381406250002,3.580747764674941,4.525354925568296,3.4660481972500796,11.84708093222546,3.953204292756915,1
1766945300.9892354,4.061404422043409,5.3837704314791095,11.133490241310506,-0.04399171874999999,-0.5958042187500001,9.643689843750002,4.061166163563758,5.3507010187253465,5.563618530319037,13.016704455875873,5.000916690603972,1
1766945302.2710872,4.133784600824347,5.853055544127145,11.588451779175736,-0.08215875000000003,-0.61189875,9.64062421875,4.132968069778781,5.820982659515998,6.430441610895181,13.62492748483203,5.524782631802917,1
1766945303.5533047,2.553953475748433,4.017141847175832,10.27448788135539,-0.271614375,-0.7647201562500001,9.590654531250001,2.5394692334385267,3.9436825053439875,3.6857084646418516,11.323657015325814,2.7913630428693237,1
1766945304.8351867,3.22017079089953,4.169441867643978,10.352540804234366,-0.251994375,-0.648073125,9.695345625000002,3.210295743001081,4.1187676205772075,3.629789844485609,11.615887676521433,3.4138244725170996,1
1766945306.117008,2.1964188001010876,2.942675025807726,10.17166207358709,-0.24433031249999998,-0.5554912500000001,9.6846159375,2.182786806775035,2.889769156643129,3.109810843503347,10.814171313244488,2.451829432413432,1
1766945307.39889,3.3013738256358893,4.163653100648216,10.969974106987445,-0.03111609375000002,-0.7651800000000001,9.65181375,3.3012271847456205,4.092738289964007,5.213714917722864,12.189151249660753,4.680410208577381,1
1766945308.6807113,2.8967378563264923,3.904399256390956,9.956822591907773,-0.017167499999999995,-0.7622676562500001,9.6656090625,2.8966869843355103,3.82926645371426,2.390463883358808,11.080331217445906,3.034195458395068,1
1766945309.962654,2.993457846037965,3.6574957308895115,9.978643864398922,-0.12124546874999999,-0.6974296875000001,9.599238281250003,2.9910014062707906,3.5903853348169545,2.7254280016707098,11.041349476852345,2.8530400605295694,1
1766945311.2445061,2.1790210623896002,2.7889680761999593,9.955775357389612,-0.13856625000000003,-0.5935050000000002,9.62560265625,2.174610812237086,2.725086190386921,2.5426829276964904,10.566169537122065,2.367230088069055,1
1766945312.5263882,3.135989031639381,3.9333688616431277,10.065937818080466,-0.23605312499999997,-0.7711579687500001,9.657638437500001,3.1270922801766234,3.8570333144759235,2.837802665441179,11.252951700143779,3.338790121616974,1
1766945313.808484,2.12004120852933,2.6875226398151053,9.835842595340079,0.016860937500000034,-0.7012617187500001,9.57808546875,2.1199741589578682,2.5944189988000295,2.2369797302672065,10.414468408214004,1.7754175303861606,1
1766945315.0904582,3.869980500888377,4.13643625930583,10.020925803958935,-0.21260109375000003,-0.7431075,9.5932603125,3.864136365631078,4.069139487747226,2.8962580246004332,11.511116712682844,3.813679727535535,1
1766945316.37231,2.5717663883336104,2.8087400128560764,10.865119463501944,-0.2575125,-0.6905320312500001,9.76171640625,2.5588414699832915,2.7225330068956923,4.770714177156114,11.513202151102448,3.8437625262430966,1
1766945317.6542535,3.542914469215282,3.3878231722947856,12.410304790531436,-0.48436875000000007,-0.4871278125000001,9.5846765625,3.5096481091696985,3.3526187288486096,7.883504308754497,13.343359913335174,5.947942521205048,1
1766945318.936075,2.7784617012892676,2.779020158213368,11.904507503642003,-0.7371295312500001,-0.6693792187500001,9.778577343750001,2.6788970640340786,2.697199381073244,6.789456829273455,12.536351198397254,5.149847210570512,1
1766945320.2180796,3.3565076635954525,3.049758448270945,12.493927814828941,-0.5484403125,-0.5441484375000001,9.731366718750001,3.3113980309530753,3.0008213993449044,7.835734428077634,13.291553804229634,5.868807119380399,1
1766945321.4998674,3.320287395878744,3.4028797639986124,12.476717674246302,-0.63596390625,-0.30640921875,9.861502500000002,3.258812406564467,3.389056517512841,7.643248809592931,13.351868146529629,5.926195162776905,1
1766945322.7822032,2.2607660609763456,2.7239757525077204,10.12030833470132,-0.7152103125,-0.48283593750000003,9.4936275,2.144653210044961,2.6808419121068097,3.5059488987531964,10.7215552916607,2.7295402914588194,1
1766945324.064053,1.9322431798527588,2.4558429316733594,9.760092203514269,-0.7608881250000001,-0.499696875,9.453774375,1.7761230158188606,2.40446824436615,2.4260152282484464,10.248128025753655,2.1118099684808964,1
1766945325.3460274,1.2340145575924137,2.0975600368851186,9.631505823381476,-0.5594765625,-0.38289656250000004,9.327317343750002,1.099899042804922,2.062316253818309,2.401469465725454,9.934206282462569,1.660430766626975,1
1766945326.6278508,1.5155180043882688,1.8880347892302596,10.466195395869743,-0.6842475000000001,-0.50168953125,9.185225625000001,1.3522574386442658,1.8201601521783477,5.017257844915723,10.742565627050821,3.4955224130344025,1
1766945327.9101336,2.0948470598754345,2.7363812024528857,10.953748270755598,-0.7199620312500001,-0.52974,9.64522265625,1.9672414386208739,2.68461498497224,5.191751254677264,11.483064376223252,3.549407923565974,1
1766945329.1919305,2.3738869836185867,2.4410790923124557,10.390389849370127,-0.8284851562500001,-0.4261218750000001,9.397520156250001,2.224623958530332,2.403598818973642,4.432472914160754,10.934093824721486,3.2397878022410542,1
1766945330.4738212,4.576365,4.106012385481199,11.34329477055829,-0.5027625,-0.5205431250000001,9.5779321875,4.548664252483222,4.072882586662699,6.077298023252313,12.902433513671948,5.122572923970515,1
1766945331.756781,2.3408209978018397,2.565402922728465,9.794998543320144,-0.34580250000000007,-0.7086192187500001,9.49868578125,2.3151379170027324,2.4655934293313426,2.391017543374123,10.392436266984634,2.0607307973542714,1
1766945333.038645,2.5307542268486882,3.252601253717938,10.522033893730457,-0.7130643750000001,-0.5012296875,9.7201771875,2.4282207794635067,3.2137491681922152,4.02881529787816,11.30032429327639,2.795926749609056,1
1766945334.3208768,2.286040488568608,3.0879809172945034,10.296618771455087,-0.7198087500000001,-0.6661603125,9.669134531250002,2.1697595440044593,3.0152705655753187,3.5395191115842413,10.990084867080476,2.4157733109504274,1
1766945335.6028059,2.2323624446648447,3.3649533377541063,10.358237328193503,-0.49111312500000004,-0.5300465625000002,9.627442031250002,2.1776707700666633,3.3229447191977832,3.821706488219906,11.117528214346649,2.9926584099022073,1
1766945336.884584,1.818214098284358,2.7687877799262175,9.865261348416283,-0.63151875,-0.58660734375,9.59188078125,1.7050180572646256,2.7059337749707257,2.306340077014476,10.406510930663794,1.9550653554812096,1
1766945338.1667302,2.3804693209034435,2.973172537204577,10.00540831610772,-0.4215234375000001,-0.543841875,9.565976250000002,2.342851292634828,2.9230105971385028,2.932625778457497,10.705820131862273,2.466397202398893,1
1766945339.4493663,1.8483684039139765,3.058305850802042,9.97414533506443,-0.30257718750000007,-0.4307203125,9.63955125,1.823434342714892,3.027823424417267,2.561762452611666,10.594964634137531,2.0256604634574993,1
1766945340.731669,1.3987852616198815,2.318930506183023,9.86384463078482,-0.24065156250000003,-0.5124192187500001,9.6588646875,1.3779285299286421,2.261606782082573,2.0004409136058054,10.228854764874404,1.8181235094723665,1
1766945342.0135767,1.9630129275889272,2.153688816493112,9.798326512019795,-0.30947484375,-0.6725981250000002,9.629741250000002,1.938464617930171,2.045968543388188,1.8097750949215867,10.222475126324287,1.554014460237418,1
1766945343.295761,2.2284319756010618,2.8494852284020094,9.809953708953282,-0.38672859375,-0.6129717187500001,9.55141453125,2.1946184325885443,2.782774108492086,2.2373359658380756,10.455652390385248,1.7395608247878696,1
1766945344.5775816,2.236846720760053,3.71109363212012,9.949029578219239,-0.4117134375000001,-0.6955903125,9.605062968750001,2.1986303230777415,3.6453216680450375,2.5934446041179844,10.851676771210004,2.577926759594912,1
1766945345.8594952,2.718099233153336,3.8345557086708237,11.146982392377545,-0.38243671875000007,-0.5318859375,9.697491562500002,2.6910603109964826,3.7974879634292127,5.496714823530171,12.097400438943227,4.377685380064928,1
1766945347.1413193,2.248416902867438,3.4854296333952868,10.664220727368575,-0.34396312500000004,-0.5613159375000001,9.400739062500001,2.2219513805977473,3.4399337417541194,5.035048043546767,11.442429900178,3.574232663989723,1
1766945348.423206,1.2445029951199396,1.850433597032058,9.497446448368043,-0.551199375,-0.4923393749999999,9.35306859375,1.1157808717943276,1.7837338469765074,1.649726316764738,9.755735812408322,1.518455753406626,1
1766945349.705034,2.2683106076370474,2.5872305817345507,10.262655555793662,-0.5672939062500001,-0.45095343750000005,9.600924375000002,2.196226453863619,2.5476269507660327,3.625513784609481,10.824097844746404,2.856485892912238,1
1766945350.9873512,1.4883119056354588,2.3992696068048502,9.826366288776018,-0.5633085937500001,-0.5971837500000001,9.52075828125,1.3775905620552311,2.3237612215702024,2.4315912878613664,10.223944513532315,1.9863010477968235,1
1766945352.269183,1.40195505931895,1.9737826047180325,9.673158073510043,-0.5315793750000001,-0.5226890625,9.52551,1.2972668794140276,1.9033165566007069,1.6836408034413102,9.971523598435196,1.4858937370091387,1
1766945353.5511687,1.6025619122673547,1.8101593318217186,9.891148680069977,-0.529126875,-0.39071390625,9.44580375,1.5126894700508544,1.7674895897979475,2.934555115811584,10.182323099395406,2.0734562764034474,1
1766945354.833461,1.54500687349806,2.581802324957558,9.908286971008158,-0.55625765625,-0.4596904687500001,9.578545312500001,1.4413964267402315,2.5405487434994547,2.5348807459591227,10.355042258926929,2.1001744664397552,1
1766945356.115298,1.8240434744716203,2.3114275806103577,9.902309436631437,-0.8292515625000001,-0.49647796875000005,9.5429840625,1.6246465593641617,2.2574780368703755,2.6433288410016256,10.330806562702099,1.8488898441796988,1
1766945357.3975332,2.0411387082811765,2.3525509575153203,9.876900485758426,-0.6034682812500001,-0.43884421875000007,9.556779375000001,1.9498905764090768,2.3112576142386105,2.494219553918542,10.356346191573794,2.1270979922209277,1
1766945358.6805322,1.4670501593035257,2.0994417075245866,9.774901101927133,-0.5453746875000001,-0.4544789062500001,9.571954218750001,1.361911384836318,2.0496595832156017,1.9815105315416135,10.104879178182317,1.8070046308539998,1
1766945359.9624658,2.9983755880267906,2.413997631171166,11.406166193938974,-0.61680375,-0.5916656250000001,9.55202765625,2.9342476549979453,2.3403667130373735,6.2337304158899425,12.038200362759016,5.111092108422051,1
1766945361.2454078,1.8275420485005265,2.608406410892962,10.347042567109455,-0.5843081250000001,-0.4540190625,9.741636562500002,1.7316159949874814,2.568589242225024,3.487378237263372,10.826125060657668,2.6581249084845817,1
1766945362.527284,1.3764359925819292,1.5764558591703417,9.665695476976813,-0.7412681249999999,-0.485595,9.553713750000002,1.1597834317380054,1.4998035110932033,1.4670455469108443,9.889664209225586,1.3883996561062133,1
1766945363.8094974,1.0620769214727341,1.104393182651677,9.654040637923325,-0.377071875,-0.2130609375,9.555859687500002,0.992886795263682,1.0836463162854941,1.3733339985187154,9.77487556584162,1.3228525130085127,1
1766945365.0913467,1.3644322353959175,1.0971532244062359,9.86697930669672,-0.5643815624999999,-0.21244781250000003,9.621004218749999,1.2422353951234681,1.0763879991847574,2.1894196631929552,10.021112770625514,1.5539544129912248,1
1766945366.3735332,1.709471667822401,1.9945400115142466,9.554340075493833,-0.16646343750000003,-0.36128390625000006,9.2679975,1.701347497445241,1.9615462769498946,2.3215590921148768,9.90887973076706,2.204874169658666,1
1766945367.6553555,1.678114052427978,2.878041927003063,9.802050065597886,-0.41830453125,-0.387495,9.3308428125,1.6251424836278106,2.8518367692703768,3.0025918631916313,10.35274734527175,2.1434449309234243,1
1766945368.937179,1.7731117058401877,2.8299565299896834,10.026987989084136,-0.51134625,-0.3462623437500001,9.3072375,1.6977779990323936,2.808692996917251,3.7303911660617115,10.56849408460147,2.6251657460292384,1
1766945370.2190354,1.4137444705793725,2.350324300405159,9.83702335815788,-0.69880921875,-0.4221365625000001,9.404877656250001,1.2289585444122046,2.3121040287313384,2.88362702510454,10.212234148026205,2.150872832525099,1
1766945371.5008323,1.7569539515504529,2.7214595873377396,9.824953145516142,-0.5841548437500002,-0.33016781250000005,9.371922187500001,1.6570003942039855,2.7013573442070684,2.9490301495631943,10.345188919733113,2.3109538393504603,1
1766945372.783149,1.4060612632745595,2.7150293777761414,9.67731141837055,-0.70494046875,-0.4184578125,9.305398125000002,1.2165801295433774,2.682587851561476,2.65705137763113,10.14882993681507,2.2907416518687467,1
1766945374.06501,1.4261767237201883,2.3276938356061243,9.819230546090411,-0.77544984375,-0.40573546875,9.391848750000001,1.19693675150751,2.292059624380869,2.8653909985198247,10.191635156189365,2.291119614408761,1
1766945375.3473,1.3725062985101382,2.288612238584772,9.767921114314063,-0.8240400000000001,-0.42152343750000004,9.3418790625,1.097602668477988,2.249458594915271,2.853345138094342,10.12589761026214,2.2560456499036636,1
1766945376.6291342,1.4832780014759541,2.506997274998519,9.727383926679298,-0.5974903125,-0.4537125,9.39506765625,1.357615172326515,2.465599380311763,2.5208533855628894,10.154168947950948,2.1811137859884813,1
1766945377.9109695,1.495359460566673,2.6118606861057887,9.609339106314428,-0.72333421875,-0.38044406249999996,9.319346718750001,1.3087732898755144,2.5840043651150237,2.342898801883547,10.069623340526448,2.0859319455225522,1
1766945379.1928375,1.6539689819812977,2.4964293730558955,9.912535057824199,-0.6561970312500001,-0.5418492187500001,9.49899234375,1.5182288528199355,2.436915886688801,2.8332835590481644,10.355004793847577,2.499864191562883,1
1766945380.4747374,1.591360710987613,2.5277221620017896,9.719147963046646,-0.5466009375,-0.458004375,9.255581718750001,1.4945421799330796,2.485882402841265,2.9658125657456083,10.167774848428921,2.2343911801201783,1
1766945381.756578,1.7085214118390502,2.718453266706778,9.653862449719284,-0.5092003125000001,-0.49034671875000013,9.309076875,1.6308772045934061,2.67386391925241,2.556980237201734,10.173794463034982,2.142554377224215,1
1766945383.0384507,1.2762382077760799,1.9311424787981726,9.60479410576562,-0.36572906250000004,-0.34718203125,9.3817321875,1.222712646467015,1.899677843897716,2.057953103492999,9.879785678371585,1.808013711927041,1
1766945384.320752,2.1279320859566337,2.68812572122985,9.99586109800514,-0.47563171875000004,-0.49571156250000004,9.385410937500001,2.0740948460865214,2.6420238340978894,3.4396657722615833,10.567466770527068,2.6738685992901483,1
1766945385.602994,1.3405711378620495,1.8445115379925117,9.553938111295063,-0.43915078125000007,-0.5027625000000001,9.38924296875,1.2666007922768188,1.7746697389602524,1.7663096863899426,9.822275053362766,1.629365690275269,1
1766945386.8851764,2.0890017245938908,2.3302570423614215,10.081818841146362,-0.62554078125,-0.61189875,9.407330156250001,1.9931449862840862,2.248483445174422,3.625632424419649,10.556377088496083,2.5507488373158775,1
1766945388.1673603,2.665837040994348,2.6645416470684977,10.252417459731754,-0.5306596875,-0.5098134375000001,9.445803750000001,2.612486827756248,2.6153149806298543,3.9860826992297134,10.923302297689675,2.6879207018583955,1
1766945389.449729,1.5156866681165506,2.076673834884465,9.755421682576696,-0.36986765625,-0.51333890625,9.391235625000002,1.4698652974903457,2.012226971249467,2.6406335680321797,10.088514880659467,2.349955503734079,1
1766945390.7319467,1.2539088314272493,2.0552798699660104,9.6504525648127,-0.43608515625,-0.5374040625000001,9.388476562500003,1.1756347621730414,1.983777260051137,2.2333254445082975,9.94624036544054,1.8951703427406992,1
1766945392.0138304,1.269786463807498,2.1518825336101064,9.744451929873353,-0.5700529687500001,-0.6353507812500001,9.430475625000001,1.1346353055004332,2.055949372728148,2.453665197188353,10.059686849785013,2.1327633486998736,1
1766945393.2957158,1.3775913210133295,2.3706606371088843,9.69798789069961,-0.4268882812500001,-0.6361171875,9.379126406250002,1.3097802270085892,2.2837221328578026,2.466365135931866,10.078132705626823,2.0990316981323156,1
1766945394.5775418,1.6556118908144657,2.331116408748714,9.700227198256428,-0.36404296875000003,-0.5383237500000001,9.35429484375,1.6150923967098405,2.268107416178396,2.5674064099760123,10.112841447483369,2.1351725485611284,1
1766945395.8593998,2.9864693786444976,3.5504679106914914,10.97074497937811,-0.32480296875000003,-0.7179693750000001,9.637711875,2.9687543483879626,3.4771169611349153,5.241350514613003,11.911425906959304,4.755447939293337,1
1766945397.141229,3.149736688932307,3.4991270971861685,11.678180270460057,-0.30824859375,-0.8087118750000002,9.312755625000001,3.134617044242789,3.4043906276302205,7.0464513833839355,12.59145051537873,5.073891689330666,1
1766945398.42309,2.691628526462883,3.259745243923404,11.133162851085098,-0.36588234375000006,-0.73896890625,9.39568078125,2.6666447523059307,3.1748801569314287,5.972310920040135,11.908741253740098,4.0786920298872555,1
1766945399.704922,2.855750647951428,3.349241429845533,10.317271664619904,-0.3458025,-0.8294048437500001,9.49684640625,2.834736741616186,3.2449199929363113,4.031873378178587,11.216899059911235,3.2051944542549715,1
1766945400.9868164,1.536940874456464,2.591335221782393,9.823184057891758,-0.38688187500000004,-0.8080987500000001,9.39384140625,1.4874507273760313,2.462111825628243,2.872401202729482,10.274830924080637,2.100590700267636,1
1766945402.268682,1.6404750317857633,2.6099866350627643,9.975623263742724,-0.3878015625000001,-0.9176948437500001,9.472168125000001,1.5939787570840016,2.4433310068349137,3.1290718291306425,10.441084621113065,2.272423181395236,1
1766945403.5505798,1.8779905652818123,2.842198853447363,10.043438162965534,-0.4405303125,-0.6293728125000001,9.453467812500001,1.8255907556339546,2.7716392596121415,3.3915477958211007,10.605451099276141,2.4569001168079065,1
1766945404.8328445,1.5078268381888222,2.6940263187536795,9.770931439572752,-0.48160968750000005,-0.8013543750000001,9.337127343750002,1.428843547372718,2.572082613721002,2.8790891204384974,10.247068887097972,2.1294470568158053,1
1766945406.1147451,1.3804046085455346,2.193457922363967,9.769093462919807,-0.43915078125000007,-0.58507453125,9.501598125000001,1.3086876917818342,2.113988043973722,2.270422902954202,10.107025360002691,1.9637113622761853,1
1766945407.3969216,1.4982928486885503,2.4737666167936094,9.82313721666925,-0.47409890625000006,-0.8323171875000002,9.449175937500002,1.4213063313458518,2.3295427391989594,2.6846040452333932,10.24004040579461,2.0813378170348176,1
1766945408.6795266,1.3599306000652203,2.5825989503659392,9.668558468324985,-0.44007046875,-0.80487984375,9.42173859375,1.2867591925173512,2.453973466758805,2.1706830092071305,10.099517386036016,1.8457732262014488,1
1766945409.961401,1.7118239182082955,2.611783539069854,9.747006698500124,-0.5285137500000001,-0.72180140625,9.445957031250002,1.6281935827815248,2.510062944408322,2.4037544268050635,10.235032680090109,1.8812596519074931,1
1766945411.2436125,1.5238158335511711,2.44942017869791,9.689627002481508,-0.5694398437500001,-0.6673865625000002,9.460365468750002,1.4134188901140476,2.3567465684725066,2.095317790909375,10.109923113140502,1.708313699221426,1
1766945412.5259166,1.3672901954596182,2.349809861470179,9.632154331953082,-0.5429221875000001,-0.65604375,9.4350740625,1.2548776740862893,2.2563716411860075,1.9384980035332116,10.008470709265477,1.6103370775114398,1
1766945413.808497,1.4708990147737881,2.2670560322379,9.752995235987765,-0.5496665625,-0.8370689062500001,9.43722,1.3643352160418398,2.1068599145400433,2.461665035052495,10.120474447285996,1.8006127880087972,1
1766945415.0903466,3.1182213816282753,3.5918367544857888,12.328580165089472,-0.37967765624999994,-0.9353221875,9.698411250000001,3.0950201069117886,3.467919214232825,7.611485276403742,13.214328766258099,5.618069779367231,1
1766945416.3725636,3.03068475146913,4.471958736121679,13.441258455489995,-0.40803468750000005,-1.0570275000000002,9.980908593750002,3.003091366672729,4.345239671389687,9.002715840816519,14.486231182320811,6.604920848753026,1
1766945417.6544468,2.40043879607849,3.059786414108426,11.336668980861399,-0.5602429687500001,-0.9598471875000001,9.840043125000001,2.334145288898045,2.90533754951311,5.62970824108721,11.985176798667021,4.001437999668842,1
1766945418.93627,2.425812616623294,3.602441177750166,12.381383036693641,-0.19880578125000004,-0.8859656250000001,9.9218953125,2.4176523969153068,3.4917971519646387,7.406391787443839,13.121005875749152,4.983595200249342,1
1766945420.218522,1.9292696899102135,3.2325847933658296,11.025132667995146,-0.24754921875,-1.0389403125,9.927873281250001,1.9133219594993716,3.061079462111757,4.794880859660239,11.650117438446705,3.641199232527246,1
1766945421.500318,1.8496760853221035,2.602555514289033,10.017467341945144,-0.0542615625,-1.2254835937500002,9.6505875,1.8488800132641272,2.295971508186858,2.6862265079068166,10.514002509630016,2.15788934609454,1
1766945422.7825115,2.2760138167624886,2.934461087465636,10.821798188375109,-0.07403484375,-1.041699375,10.067665781250001,2.2748093845429476,2.7433418099053224,3.9690580427812567,11.441268146401539,3.2766581059868694,1
1766945424.0643406,2.187546140489099,3.207058022235878,10.828997850812133,-0.15987234374999998,-0.9276581250000001,9.89323171875,2.1816963469907154,3.0699627947434456,4.40353955495039,11.503815616031492,3.2362966992441415,1
1766945425.3462317,2.3095141845675577,3.4784698968781522,11.206358403095875,-0.15956578124999998,-0.9647521875,9.8857209375,2.303995340744601,3.342006289671141,5.2777826977350655,11.958932947836265,4.27220308237714,1
1766945426.6283991,2.5468430214875832,3.011394380710537,11.139964215368638,-0.31116093750000007,-1.0395534375000002,9.98244140625,2.5277634871708474,2.826274007727654,4.944660381712709,11.817517007052233,3.402173597537628,1
1766945427.9106286,2.971828955321538,4.165231012194132,12.30277014376996,-0.1474565625,-0.9308770312500001,9.8397365625,2.968168442299592,4.059878980663703,7.384966999996561,13.32437878233236,5.661316430224194,1
1766945429.1928902,2.7584923710946714,3.495968856062115,12.005287858602143,-0.4632159375,-1.2401985937500002,10.227231562500002,2.7193218192471256,3.268593839958825,6.287342135982724,12.804609129990801,5.676798099957095,1
1766945430.474787,3.1686062721634807,2.9656921529931255,12.31271830188784,-0.28740234375,-1.00062,9.407330156250001,3.1555452145074327,2.7917896700727654,7.943876340487251,13.055206916627654,5.83678790444041,1
1766945431.7565937,2.827857993746106,3.050422023877393,11.78547235490744,-0.31805859375000006,-1.11665390625,9.365484375000001,2.8099145118198035,2.8386895880692675,7.154373560970826,12.497968394296631,4.925574510095542,1
1766945433.0384626,2.7783144924002485,2.7884935784958342,11.204297449880281,-0.43026046875000007,-0.8053396875000001,9.26815078125,2.7447964127986397,2.669667474621119,6.295844855252453,11.875647738182012,4.405043701738323,1
1766945434.3206685,2.1426556476207863,2.63782080337871,10.039647472070733,-0.38182359375,-0.99694125,9.28777078125,2.108360492785113,2.4421725440242628,3.812064437862379,10.599226065070743,2.40062882340674,1
1766945435.6025708,2.429490617861078,2.8700747341315003,10.294103119935038,-0.27743906250000006,-1.0208531250000001,9.445343906250002,2.4135973626257803,2.6823847368857687,4.093169619808377,10.95939381013527,2.563629699322909,1
1766945436.8844132,2.1550652119947555,2.463411424475721,10.084071031589252,-0.4491140625,-1.0659178125,9.4240378125,2.1077482361076116,2.2208590822545937,3.588314350598024,10.601942769338317,2.420878482094977,1
1766945438.1663485,2.7891729479811755,3.241355232815435,10.769305617365438,-0.46720125,-0.8157628125,9.36287859375,2.7497652128406234,3.137023235336661,5.321132202728737,11.587226284114278,3.3221705114781637,1
1766945439.4488037,2.62313649310563,2.802050745582376,10.379047802826738,-0.388108125,-0.78372703125,9.497612812500002,2.5942662054560794,2.6902156644601587,4.18568801479498,11.066027595105833,3.1644517349039982,1
1766945440.731016,2.5560227498547428,3.018249413339627,10.488429868820333,-0.2817309375,-0.9000675000000001,9.485656875,2.540448774651906,2.8809213832676432,4.475430120438452,11.2093819157018,3.540743384595762,1
1766945442.0131989,2.409761904487402,3.10557877755198,10.579105432747493,-0.3772251562500001,-0.89071734375,9.304478437500002,2.380053280456325,2.975103722078307,5.034297643493585,11.285789460072676,3.155594795337456,1
1766945443.295353,2.0456863941612,2.8800715277543456,10.503084872375593,-0.41707828125,-1.06024640625,9.459905625000001,2.002717786051194,2.6778143257170037,4.563439207704904,11.081265120218111,3.2209581451316756,1
1766945444.577691,2.0138937865845237,2.9274601947688805,10.614517464894485,-0.5289735937500001,-1.04645109375,9.372228750000001,1.9431817003973049,2.734037911285372,4.982901691808042,11.193470078047739,3.5015916753949163,1
1766945445.859634,3.8404646522295978,3.65785174807991,11.949326247478613,-0.29552625,-1.16815640625,9.72646171875,3.8290773014638844,3.4663078370895364,6.941350027362981,13.0734634249933,5.52396396374562,1
1766945447.1414561,2.3121482727906426,2.826032468155444,11.006675187884284,-0.35361984375,-0.99648140625,9.923734687500001,2.284946966884566,2.644519676248746,4.760923076851461,11.596524817290092,3.9248965764191404,1
1766945448.4234018,2.0754975871869257,2.26062904134419,10.926218899014483,-0.27544640625,-0.76410703125,9.968032968750002,2.0571386709949118,2.1275770508639784,4.474436072075934,11.349026095933024,3.383594570210423,1
1766945449.7053182,2.835123944433471,3.2118078954723854,10.580027297304401,-0.32066437500000006,-0.71015203125,9.56275734375,2.8169313337221875,3.132314487711962,4.526659871943296,11.414491462584964,3.5760172653736704,1
1766945450.9872966,1.9139323198995963,2.4480213243441633,11.295906702805558,-0.31959140625000004,-0.8085585937500002,9.848320312500002,1.8870607457650637,2.3106365800178907,5.532458337926044,11.715521907626972,3.769448713929115,1
1766945452.2691238,2.134526157815828,2.6210410339774826,10.971849381735117,-0.40098375,-0.80978484375,9.965887031250002,2.096524254721595,2.4928105841853565,4.589398058116589,11.480746355340973,3.024103456902257,1
1766945453.5513487,2.142258399041185,2.9435609559139846,10.619502847240543,-0.3641962500000001,-1.2123014062500002,9.9605221875,2.111073693585432,2.6823266768955496,3.6826401500649255,11.22620429495178,2.620030069506984,1
1766945454.8336663,2.7990160198998955,4.113050160231608,10.795607486813793,-0.3192848437500001,-0.80365359375,9.666835312500002,2.780745919390657,4.03377274047931,4.805979197869362,11.886833611588393,3.780852195304687,1
1766945456.1161683,3.4526836434169224,3.976552352123791,11.177164555260372,-0.21045515625000005,-1.0761876562500001,9.68354296875,3.446263624380256,3.828157355401732,5.5819354231074,12.35568696779215,4.578558838886683,1
1766945457.3985493,2.7885712290996802,3.6443118483046635,11.883646386520534,-0.38657531250000005,-1.1344345312500002,9.710367187500001,2.7616460720968625,3.463245174976982,6.850534323962318,12.73884570074223,5.403597695238986,1
1766945458.6803827,2.7222186582007426,3.411468051520306,11.383793583706785,-0.32572265625,-1.08630421875,9.71603859375,2.7026614982756714,3.2338919912188944,5.9320612270276065,12.191773662845115,4.910683671278859,1
1766945459.9622781,2.206271508113292,2.7454354579396876,10.663061900252023,-0.4031296875,-1.0904428125,9.59709234375,2.1691289548038983,2.519593285905404,4.647225799780057,11.22969006294614,3.3346593270318965,1
1766945461.2444797,2.2990771546399875,3.584917494625923,11.664850838043055,-0.20355750000000003,-0.9233662499999999,9.67465265625,2.290048057832248,3.4639613467294836,6.516888909188846,12.417976255415223,4.737917360974535,1
1766945462.5264695,2.437284085860223,3.104014451035546,11.796198675320156,-0.40558218750000014,-0.8409009375000001,9.726001875000001,2.4033012304682524,2.987940984281504,6.67496746921822,12.438873044414034,5.144136482016638,1
1766945463.8082767,2.204107200057146,2.61841676763006,10.938106283825197,-0.41953078125,-0.9112570312500001,9.613646718750001,2.1638120234732763,2.4547335888042285,5.2172757108785826,11.461080402588854,3.564778807108218,1
1766945465.090604,2.8220827025687076,2.6996411064910557,10.475557410431676,-0.3712471875000001,-1.07557453125,9.655799062500002,2.7975572033312996,2.4761263157566487,4.062369693156215,11.179871016395662,3.0939674832617756,1
1766945466.3728106,2.595484353548004,2.762276128457065,10.221314470013752,-0.3773784375000001,-1.0498232812500001,9.4969996875,2.56790275213501,2.5550030309158607,3.779188594200799,10.90146677902881,2.6008152291119124,1
1766945467.6547132,2.676546186895997,2.8589818231255864,10.46504855088266,-0.1664634375,-0.9567815625000001,9.692433281250002,2.671364710136597,2.694131790878568,3.9463880018123674,11.173849727282056,3.3241076732301593,1
1766945468.9365253,3.095447530576153,2.885469173950529,10.303298973286422,-0.30043125000000004,-0.9541757812500002,9.559845000000001,3.0808337310821305,2.723138067064302,3.842828815976585,11.138478239925496,2.838501568424269,1
1766945470.2184303,3.962122103323389,4.011250251128849,10.305938442880883,-0.26165109375,-1.1169604687500003,9.5356265625,3.9534731903458233,3.852600146450581,3.909500383552154,11.747378742820674,3.2995016089884754,1
1766945471.500245,2.774951459129511,3.998187325803095,11.19272072522891,-0.24739593750000002,-1.211535,9.685688906250002,2.763901382219253,3.810207978048902,5.609316147652442,12.205033991173735,4.579574845127534,1
1766945472.7821522,2.0104233185155933,2.2395192792999685,10.011234473378833,-0.29138765625,-0.89960765625,9.430015781250003,1.9891945991823885,2.0508907009328,3.36149045013439,10.453806206495138,2.3320033213699665,1
1766945474.0639994,2.0082021863737354,3.679175075441505,10.671779767036284,-0.24785578125000007,-1.20049875,9.763709062500002,1.99284809583099,3.4778056281221983,4.307768417519723,11.465430155612623,3.720288321293861,1
